iteration,global UB,global LB,unfeasible agent
0,22695.19504643963,24300,7
1,20731.896227611396,25920,4
2,20934.00149076929,25920,4
3,24726.44316674038,25920,4
4,21822.00149076929,27000,2
5,22362.001490769286,27540,1
6,22898.422543400862,27540,1
7,23033.279686258003,27540,1
8,26420.12030075188,27540,1
9,22309.069159942228,27540,1
10,27696.0,28080,0
11,22836.136255900958,28080,0
12,27081.267285861715,28080,0
13,22706.700296607414,28080,0
14,26822.315789473683,28080,0
