iteration,global UB,global LB,unfeasible agent
0,89760.0,248160,19
1,-62011.87028777605,250410,10
2,-39065.89083244532,252090,3
3,-1620.4250291509961,252090,3
4,11536.989681634797,252090,3
5,-9941.366185280145,251850,4
6,14047.941095345072,252480,1
7,-2035.717465650654,252480,1
8,51254.517774340165,252720,0
